category,total_promo_events,avg_uplift_pct,total_incremental_rev,assumed_promo_cost,ROI_pct
Ready Meals,680,6.325352941176471,4987590.94,3400000.0,46.7
Beverages,1360,7.5160735294117655,8350446.7,6800000.0,22.8
Staples,1360,5.57810294117647,7692240.39,6800000.0,13.1
Dairy,1360,7.166257352941177,5184514.15,6800000.0,-23.8
Household,680,5.112705882352941,1230171.71,3400000.0,-63.8
Personal Care,2040,4.428073529411765,3538441.84,10200000.0,-65.3
Snacks,2720,6.257794117647059,4478426.97,13600000.0,-67.1
