store_id,store_name,region,avg_weekly_demand,demand_std,avg_revenue_per_week,promo_sensitivity,stockout_rate,demand_cv,n_products,demand_cluster,cluster_label,silhouette_score
S001,Mumbai Central,West,766.7072592592592,478.843772289942,67966.66313185185,0.6177777777777778,0.27081481481481484,0.10248050646046614,15,1,Cluster-2,0.1875412881090988
S002,Delhi North,North,765.2364444444445,480.83908497787877,67696.68885925926,0.6177777777777778,0.2791111111111111,0.10369905573144081,15,0,Cluster-1,0.1875412881090988
S003,Bengaluru South,South,766.4524444444445,481.08348622914446,67791.9367911111,0.6177777777777778,0.28474074074074074,0.10577103134487885,15,2,Cluster-3,0.1875412881090988
S004,Pune East,West,767.4885925925926,486.1686825993327,67654.79497185185,0.6177777777777778,0.2853333333333333,0.10734398475866944,15,2,Cluster-3,0.1875412881090988
S005,Chennai West,South,765.0767407407408,481.81781081940716,67574.4338874074,0.6177777777777778,0.2903703703703704,0.10175365848236963,15,0,Cluster-1,0.1875412881090988
