model,MAE,RMSE,R2,MAPE
LinearRegression,57.562666666666665,90.65171118484604,0.9645908899384033,9.295694281325455
RandomForest,49.29066666666667,79.55937172721784,0.9727261976680516,7.631919013309596
GradientBoosting,40.48385185185185,62.79485470783238,0.983009305987852,5.763717297660666
XGBoost,39.877037037037034,59.484962307634866,0.9847532464524718,5.751596341045919
